category	accession	organism	file_path	biomass	dsmz_or_ref	temp_c	ph	salinity_pct	atmosphere	electron_donor	electron_acceptor	carbon_source	notes
sulfur_metabolism	(unpublished)	Thiovulum sp. ES (USER HELD-OUT — NOT FOR PHASE 5.0; bin.020 ST-3)		Gram_neg		25	7	2.5	microaerobic_gradient	HS-	O2	CO2	HELD OUT — bin.020 ST-3 is the user's generalization test. DO NOT include in Phase 5.0 reference work.
sulfur_metabolism	GCF_000012605.1	Hydrogenovibrio crunogenus XCL-2 (formerly Thiomicrospira crunogena)	data/genomes/Thiomicrospira_crunogena.fna	Gram_neg	DSMZ 142 (modified, marine)	28	7.5	2.4	microaerobic_to_aerobic	S2O3-2 / H2S / S0	O2	CO2	TAXONOMIC RENAME: Thiomicrospira crunogena → Hydrogenovibrio crunogenus (Boden 2017); chemolithoautotroph; obligate sulfur oxidizer; deep-sea hydrothermal vent
sulfur_metabolism	GCF_000245015.1	Beggiatoa alba B18LD	data/genomes/Beggiatoa_alba_B18LD.fna	Gram_neg	BacDive 6873 / DSMZ Medium 380 family	25	7.2	0.05	microaerobic_gradient	HS- / S0	O2	mixotroph (acetate + CO2)	filamentous; gradient cultivation; heterotrophic + chemolithoautotrophic
sulfur_metabolism	GCF_000010785.1	Hydrogenobacter thermophilus TK-6	data/genomes/Hydrogenobacter_thermophilus_TK6.fna	Gram_neg	DSMZ Medium 559 / Aragno's medium	72	7	0.05	microaerobic	H2 / S0 / S2O3-2	O2 (microaerobic) / NO3-	CO2 (rTCA)	hyperthermophilic Aquificales; rTCA carbon fixation; obligate microaerophile
sulfur_metabolism	GCF_000021565.1	Persephonella marina EX-H1	data/genomes/Persephonella_marina_EXH1.fna	Gram_neg	Hydrothermal vent literature (Götz 2002)	73	6	2.5	microaerobic	H2 / HS-	O2 (microaerobic) / NO3-	CO2	deep-sea hydrothermal Aquificales
sulfur_metabolism	GCF_000021545.1	Sulfurihydrogenibium azorense Az-Fu1	data/genomes/Sulfurihydrogenibium_azorense.fna	Gram_neg	Aguiar 2004 paper / DSMZ Medium 1212 family	68	6	0.5	microaerobic	H2 / HS- / S2O3-2	O2 (microaerobic)	CO2	terrestrial hot spring Aquificales
sulfur_metabolism	GCF_005843985.1	Caminibacter mediatlanticus TB-2	data/genomes/Caminibacter_mediatlanticus.fna	Gram_neg	Voordeckers 2005 paper	55	6.5	2.5	anaerobic	H2	NO3- / S0	CO2 / acetate (mixotrophic)	deep-sea hydrothermal Campylobacterota; obligate anaerobe
sulfur_metabolism	GCF_000008665.1	Archaeoglobus fulgidus VC-16	data/genomes/Archaeoglobus_fulgidus.fna	Archaea	DSMZ Medium 399	83	6.8	1.8	anaerobic	H2 / lactate / formate	SO4-2 / S2O3-2	acetate / CO2	hyperthermophilic sulfate-reducing archaeon; FILLS CAPABILITY GAP (no archaeal SRBs in test set)
nitrogen_metabolism	GCF_000018465.1	Nitrosopumilus maritimus SCM1	data/genomes/Nitrosopumilus_maritimus_SCM1.fna	Archaea	Könneke 2005 paper / DSMZ 28366 (HEPES-buffered seawater)	28	7.5	3.4	aerobic	NH4+	O2	CO2 (HP/HB or 3HP/4HB cycle)	marine Thaumarchaeota AOA; FILLS CAPABILITY GAP (different from bacterial AOB amoA)
nitrogen_metabolism	GCF_000698785.1	Nitrososphaera viennensis EN76	data/genomes/Nitrososphaera_viennensis.fna	Archaea	Tourna 2011 paper	37	7.5	0.05	aerobic	NH4+	O2	CO2 / mixotrophic with pyruvate	soil Thaumarchaeota AOA
nitrogen_metabolism	GCF_001458695.1	Candidatus Nitrospira inopinata	data/genomes/Nitrospira_inopinata.fna	Gram_neg	Daims 2015 paper	37	7.5	0.05	aerobic	NH4+ (also NO2-)	O2	CO2 (rTCA)	COMAMMOX — single-organism complete ammonia oxidation; FILLS DOCUMENTED GAP (Phase 3.3 deferred)
nitrogen_metabolism	GCA_000949635.1	Candidatus Brocadia sinica JPN1	data/genomes/Brocadia_sinica.fna	Gram_neg	Oshiki 2011 paper	37	7.5	0.05	anaerobic	NH4+	NO2-	CO2 (Wood-Ljungdahl-like)	anammox bacterium; broader anammox validation than Scalindua
nitrogen_metabolism	GCF_000315115.1	Candidatus Kuenenia stuttgartiensis	data/genomes/Kuenenia_stuttgartiensis.fna	Gram_neg	Strous 2006 paper	30	7.5	0.05	anaerobic	NH4+	NO2-	CO2 (acetyl-CoA pathway)	anammox model organism
nitrogen_metabolism	GCF_000308735.2	Klebsiella michiganensis M5al (formerly K. oxytoca; canonical nif operon strain)	data/genomes/Klebsiella_oxytoca.fna	Gram_neg	BacDive 7396 / DSMZ Medium 1	37	7	0.5	facultative_anaerobic	formate / glucose	O2 / NO3- (DNRA)	glucose / glycerol	facultative anaerobe with both DNRA + N2 fixation
nitrogen_metabolism	GCF_000021045.1	Azotobacter vinelandii DJ	data/genomes/Azotobacter_vinelandii.fna	Gram_neg	DSMZ Medium 3 (Burk's N-free)	30	7.2	0.1	aerobic	sucrose / acetate	O2	sucrose / mannitol	non-symbiotic N2 fixer; alternative nitrogenases (Mo, V, Fe-only); FILLS CAPABILITY GAP (Phase 3 vnfH/anfH B.1 limitation)
nitrogen_metabolism	GCF_000058485.1	Frankia alni ACN14a	data/genomes/Frankia_alni.fna	Gram_pos	BacDive 11104 / Lalonde 1981 propionate medium	28	6.8	0.05	microaerobic	propionate / sucrose	O2 (microaerobic in vesicles)	propionate / sucrose	actinobacterial N2 fixer; vesicle-mediated; symbiotic with Alnus
methane_metabolism	GCF_000007185.1	Methanopyrus kandleri AV19	data/genomes/Methanopyrus_kandleri.fna	Archaea	DSMZ Medium 282 modified (high-T high-salt)	98	6.5	2	anaerobic	H2	CO2	CO2	hyperthermophilic methanogen; T optimum 98°C
methane_metabolism	GCF_000016525.1	Methanobrevibacter smithii ATCC 35061	data/genomes/Methanobrevibacter_smithii.fna	Archaea	DSMZ Medium 119	37	7	0.1	anaerobic (H2/CO2)	H2 / formate	CO2	CO2	gut methanogen; mesophilic; different niche from hyperthermophiles
methane_metabolism	GCF_000022685.1	Methylorubrum extorquens AM1	data/genomes/Methylobacterium_extorquens_AM1.fna	Gram_neg	BacDive 7269 / DSMZ Medium 1601	30	7	0.05	aerobic	methanol / methylamine / formate	O2	methanol (1C; serine cycle)	methylotroph (one-carbon, not strict methanotroph); FILLS CAPABILITY GAP (no methylotroph in test set)
sulfate_reduction	GCF_004319545.1	Desulfobacter hydrogenophilus AcRS1	data/genomes/Desulfobacter_hydrogenophilus.fna	Gram_neg	DSMZ Medium 195a (marine SRB)	28	7	2	anaerobic	H2 / acetate	SO4-2	acetate (complete oxidizer)	complete-oxidizer marine SRB; different from incomplete oxidizers; FILLS CAPABILITY GAP — accession needs NCBI lookup
sulfate_reduction	GCF_000186885.1	Desulfobulbus propionicus 1pr3	data/genomes/Desulfobulbus_propionicus.fna	Gram_neg	DSMZ Medium 196	28	7	1.2	anaerobic	propionate / lactate	SO4-2 / S2O3-2	propionate (incomplete oxidizer)	incomplete-oxidizer SRB; capable of disproportionation
sulfate_reduction	GCF_000018405.1	Desulfosudis oleivorans Hxd3	data/genomes/Desulfosudis_oleivorans.fna	Gram_neg	DSMZ Medium 195a (modified for n-alkane)	28	7	1.2	anaerobic	n-alkanes / fatty acids	SO4-2	alkane	alkane-degrading SRB; specialty metabolism; tests recipe composition for alkane substrate
fermentation	GCF_000196455.1	Acetoanaerobium sticklandii DSM 519	data/genomes/Acetoanaerobium_sticklandii.fna	Gram_pos	DSMZ Medium 226	37	7	0.5	anaerobic	amino acid pairs (Stickland)	amino acid pairs (Stickland)	amino acids	Stickland-pattern amino acid fermenter; FILLS CAPABILITY GAP (no Stickland in test set)
fermentation	GCF_000597865.1	Peptoclostridium acidaminophilum DSM 3953	data/genomes/Peptoclostridium_acidaminophilum.fna	Gram_pos	DSMZ Medium 543	37	7	0.5	anaerobic	amino acids (Sec-dependent)	amino acids	amino acids	selenocysteine-dependent amino acid fermenter
fermentation	GCF_000283495.2	Megasphaera elsdenii DSM 20460	data/genomes/Megasphaera_elsdenii.fna	Gram_pos	DSMZ Medium 110	37	6.5	0.5	anaerobic	lactate / amino acids	none (fermentation)	lactate	rumen amino acid fermenter; lactate-utilizing
fermentation	GCF_000025985.1	Bacteroides fragilis NCTC 9343	data/genomes/Bacteroides_fragilis.fna	Gram_neg	BacDive 5970 / DSMZ Medium 78	37	7	0.5	anaerobic	carbohydrates	none (fermentation; some respiration of fumarate)	complex carbohydrates	gut anaerobic fermenter; clinically relevant
fermentation	GCF_000025925.1	Prevotella ruminicola 23	data/genomes/Prevotella_ruminicola.fna	Gram_neg	DSMZ Medium 330	37	6.7	0.3	anaerobic	xylan / xylose / hemicellulose	none (fermentation)	xylan / hemicellulose	rumen fiber fermenter; tests CAZy / fiber-degradation routing
fermentation	GCF_000284095.1	Selenomonas ruminantium subsp. lactilytica	data/genomes/Selenomonas_ruminantium.fna	Gram_neg	DSMZ Medium 110	37	6.7	0.3	anaerobic	lactate / glucose	NO3- (DNRA when available)	lactate / glucose	rumen fermenter with capacity for nitrate respiration
iron_metals	GCF_000146165.2	Shewanella oneidensis MR-1	data/genomes/Shewanella_oneidensis.fna	Gram_neg	BacDive 8125 / DSMZ Medium 79	30	7	2	facultative_anaerobic	lactate / formate / H2	O2 / NO3- / Fe(III) / Mn(IV) / S2O3-2 / DMSO / fumarate	lactate	model dissimilatory metal reducer; broad acceptor range; FILLS CAPABILITY GAP (different from Geobacter)
iron_metals	GCF_000013385.1	Anaeromyxobacter dehalogenans 2CP-C	data/genomes/Anaeromyxobacter_dehalogenans.fna	Gram_neg	Sanford 2002 paper	30	7	0.1	anaerobic	acetate	Fe(III) / NO3- / chlorophenols	acetate	metal reducer with organohalide respiration
iron_metals	GCF_000153765.1	Mariprofundus ferrooxydans PV-1	data/genomes/Mariprofundus_ferrooxydans.fna	Gram_neg	Emerson 2007 paper / DSMZ 21280 (microaerobic Fe gradient)	22	6.2	2.5	microaerobic	Fe2+	O2 (microaerobic)	CO2	NEUTROPHILIC marine Fe oxidizer; FILLS CAPABILITY GAP (Phase 3 LIMITATIONS A.4 — neutrophilic Fe ox not covered)
iron_metals	GCF_000145255.1	Gallionella capsiferriformans ES-2	data/genomes/Gallionella_capsiferriformans.fna	Gram_neg	DSMZ 26 (modified Wolfe's medium)	22	6.5	0.05	microaerobic	Fe2+	O2 (microaerobic)	CO2	freshwater stalked Fe oxidizer; gradient cultivation
phototrophy	GCF_000006985.1	Chlorobaculum tepidum TLS	data/genomes/Chlorobaculum_tepidum.fna	Gram_neg	DSMZ Medium 29 (Pfennig's)	48	6.8	0.1	anaerobic_phototrophic	HS- / S2O3-2 / S0	(light)	CO2 (rTCA)	thermophilic green sulfur bacterium; rTCA carbon fixation
phototrophy	GCF_000012525.1	Synechococcus elongatus PCC 7942	data/genomes/Synechococcus_elongatus.fna	Gram_neg	BG-11 medium / DSMZ Medium 1593	30	7.5	0.05	aerobic_phototrophic	H2O	(light); O2 (dark)	CO2 (Calvin cycle)	model OXYGENIC phototroph cyanobacterium; FILLS CAPABILITY GAP (no oxygenic phototroph in test set)
phototrophy	GCF_000012905.2	Rhodobacter sphaeroides 2.4.1	data/genomes/Rhodobacter_sphaeroides.fna	Gram_neg	DSMZ Medium 27 (Pfennig)	30	7	0.1	anaerobic_phototrophic / microaerobic	H2 / organic acids	(light); O2 (dark)	organic / CO2	purple non-sulfur bacterium; metabolic versatility test case
phototrophy	GCF_000019165.1	Heliomicrobium modesticaldum Ice1	data/genomes/Heliomicrobium_modesticaldum_Ice1.fna	Gram_pos	DSMZ Medium 1058	50	6.5	0.1	anaerobic_phototrophic	pyruvate / lactate	(light)	pyruvate / lactate	heliobacteria phototroph; only Gram-positive phototroph; FILLS CAPABILITY GAP (Phase 3 LIMITATIONS B.5)
marine_user_interest	GCF_000014865.1	Magnetococcus marinus MC-1	data/genomes/Magnetococcus_marinus_MC1.fna	Gram_neg	Bazylinski 2013 paper / DSMZ 22524 (microaerobic)	23	7	2.5	microaerobic	HS- / S2O3-2 / acetate	O2 (microaerobic) / NO3-	CO2 (rTCA) / acetate	marine magnetotactic bacterium; chemolithoheterotroph; user has interest
marine_user_interest	GCF_000154785.2	Roseobacter litoralis Och 149	data/genomes/Roseobacter_litoralis.fna	Gram_neg	BacDive 11070 / DSMZ Medium 514	28	7.5	2.5	aerobic	organic carbon (heterotrophic)	O2	mixed organic	marine alphaproteobacterium; aerobic heterotroph; common surface-ocean lineage
marine_user_interest	GCF_000012345.1	Pelagibacter ubique HTCC1062	data/genomes/Pelagibacter_ubique.fna	Gram_neg	Rappé 2002 paper (oligotrophic seawater)	23	7.5	2.5	aerobic	DMSP / glycine / pyruvate / glucose	O2	C1/C2 organic compounds	SAR11 oligotroph; auxotrophic; tests oligotroph cultivation framework
marine_user_interest	GCF_001456255.1	Vibrio natriegens ATCC 14048	data/genomes/Vibrio_natriegens.fna	Gram_neg	BacDive 5077 / DSMZ Medium 514 derivative	30	7.5	2	facultative_anaerobic	carbohydrates	O2 / NO3-	mixed organic	marine fast-growing reference; doubling time ~10 min; engineering host
extreme_archaea	GCF_000007305.1	Pyrococcus furiosus DSM 3638	data/genomes/Pyrococcus_furiosus.fna	Archaea	DSMZ Medium 377	100	6.8	2	anaerobic	peptides / sugars	S0 (or none — fermentation)	peptides / starch	hyperthermophilic Thermococcales; sulfur respiration / fermentation
extreme_archaea	GCF_000009965.1	Thermococcus kodakarensis KOD1	data/genomes/Thermococcus_kodakarensis.fna	Archaea	DSMZ Medium 1185	85	7	2.6	anaerobic	peptides / pyruvate / starch	S0	peptides / starch	hyperthermophilic Thermococcales
extreme_archaea	GCF_000018305.1	Caldivirga maquilingensis IC-167	data/genomes/Caldivirga_maquilingensis.fna	Archaea	DSMZ Medium 1067	85	4	0.05	anaerobic	peptides / S2O3- / sulfite	S0 / NO3-	peptides	hyperthermophilic acidophilic sulfur-cycling archaeon
extreme_archaea	GCF_009729035.1	Stygiolobus azoricus DSM 6296	data/genomes/Stygiolobus_azoricus.fna	Archaea	DSMZ Medium 1153	80	2.5	0.05	anaerobic	H2	S0	CO2	hyperthermophilic acidophilic anaerobic sulfur reducer
halophile_alkaliphile	GCF_000022205.1	Halorubrum lacusprofundi DSM 5036	data/genomes/Halorubrum_lacusprofundi.fna	Archaea	DSMZ Medium 372 (Halobacterium medium)	36	7.5	18	aerobic	complex organic	O2	mixed organic	halophilic archaeon; cold-adapted (Antarctic)
halophile_alkaliphile	GCF_000196875.2	Halomonas elongata DSM 2581	data/genomes/Halomonas_elongata.fna	Gram_neg	DSMZ Medium 50 (3-25% NaCl)	30	7	7.5	aerobic	mixed organic	O2	mixed organic	halophilic bacterium; broad salinity range
halophile_alkaliphile	GCF_000020005.1	Natranaerobius thermophilus JW/NM-WN-LF	data/genomes/Natranaerobius_thermophilus.fna	Gram_pos	Mesbah 2007 paper / DSMZ Medium 1117	53	9.5	5	anaerobic	carbohydrates	none (fermentation)	carbohydrates	HALOALKALITHERMOPHILIC fermenter; tests pH extreme + halophily + thermophily simultaneously
acetogenesis	GCF_000445445.2	Sporomusa ovata DSM 2662	data/genomes/Sporomusa_ovata.fna	Gram_pos	DSMZ Medium 311	34	7	0.05	anaerobic	H2 / methanol / methoxylated aromatics	CO2	CO2 (Wood-Ljungdahl)	acetogen with electromethanogenesis capability; different from Acetobacterium
sulfur_metabolism	GCF_000020825.1	Acidithiobacillus ferrooxidans ATCC 53993	data/genomes/Acidithiobacillus_ferrooxidans_ATCC_53993.fna	Gram_neg	DSMZ Medium 71	30	2.5	0	aerobic	Fe2+ / S0	O2	CO2	acidophilic iron and sulfur oxidizer; bioleaching bacterium
sulfur_metabolism	GCF_000024765.1	Halothiobacillus neapolitanus c2	data/genomes/Halothiobacillus_neapolitanus_c2.fna	Gram_neg	DSMZ Medium 68	30	7.0	2	aerobic	thiosulfate / S0	O2	CO2	halophilic sulfur oxidizer; chemolithoautotroph using Calvin cycle
sulfur_metabolism	GCF_000025485.1	Allochromatium vinosum DSM 180	data/genomes/Allochromatium_vinosum_DSM_180.fna	Gram_neg	DSMZ Medium 382	30	7.0	2	anaerobic	H2S / thiosulfate	CO2	CO2	DUPLICATE — already in database as gid=31; phototrophic purple sulfur bacterium; anoxygenic photosynthesis using sulfur compounds
sulfur_metabolism	GCF_001747405.1	Chlorobaculum limnaeum DSM 1677	data/genomes/Chlorobaculum_limnaeum_DSM_1677.fna	Gram_neg	DSMZ Medium 123	25	7.0	1	anaerobic	H2S / thiosulfate	CO2	CO2	green sulfur bacterium; phototrophic using reverse TCA and sulfur oxidation
sulfur_metabolism	GCF_018853765.1	Acidithiobacillus caldus strain MELC5	data/genomes/Acidithiobacillus_caldus_MELC5.fna	Gram_neg	DSMZ Medium 71	45	2.5	0	aerobic	S0 / thiosulfate	O2	CO2	thermoacidophilic sulfur oxidizer; isolated from hot spring water; acidophilic chemolithoautotroph
sulfur_metabolism	GCF_000012965.1	Sulfurimonas denitrificans DSM 1251	data/genomes/Sulfurimonas_denitrificans_DSM_1251.fna	Gram_neg	adapted from estuarine mud	28	7.0	1	microaerophilic	H2S / thiosulfate	O2 / NO3-	CO2	facultatively anaerobic sulfur oxidizer; formerly Thiomicrospira denitrificans; uses sulfur compounds and nitrate
sulfur_metabolism	GCF_000183725.1	Sulfuricurvum kujiense DSM 16994		Gram_neg	DSM 16994 (type strain)	30	6.5	0.0	microaerobic	S2O3-2/H2S	O2/NO3-	CO2	Microaerophilic chemolithoautotroph; oxidizes thiosulfate or sulfidehttps://www.ncbi.nlm.nih.gov/datasets/genome/GCF_000183725.1/#:~:text=Taxon%20Sulfuricurvum%20kujiense%20DSM%2016994,material%20assembly%20from%20type%20material
sulfur_metabolism	GCF_000321415.2	Thioalkalivibrio nitratireducens DSM 14787		Gram_neg	DSM 14787 (alkaliphilic)	30	9.5	10	alkaline_aerobic	S2O3-2/H2S	NO3-/O2	CO2	Halophilic and alkaliphilic sulfur oxidizer; oxidizes sulfide and thiosulfate under haloalkaline conditionshttps://www.ncbi.nlm.nih.gov/datasets/genome/GCA_000321415/#:~:text=Taxon%20Thioalkalivibrio%20nitratireducens%20DSM%2014787,material%20assembly%20from%20type%20material
sulfur_metabolism	GCF_000373385.1	Thiobacillus thioparus DSM 505		Gram_neg	DSM 505 (type strain)	30	7.0	0.0	aerobic	S2O3-2	O2	CO2	Mesophilic chemolithoautotroph that oxidizes thiosulfatehttps://www.ncbi.nlm.nih.gov/datasets/genome/GCA_000373385.1/#:~:text=NCBI%20RefSeq%20assembly%20GCF_000373385
sulfur_metabolism	GCF_009662475.1	Acidithiobacillus thiooxidans ATCC 19377		Gram_neg	ATCC 19377 (type strain)	30	2.0	0.0	aerobic	S0/S2O3-2/H2S	O2	CO2	Acidophilic chemolithoautotroph; oxidizes elemental sulfur and sulfide at low pHhttps://www.ncbi.nlm.nih.gov/datasets/genome/GCF_009662475.1/#:~:text=Taxon%20Acidithiobacillus%20thiooxidans%20ATCC%2019377,material%20assembly%20from%20type%20material
nitrogen_metabolism	GCF_000011365.1	Bradyrhizobium diazoefficiens USDA 110		Gram_neg	USDA 110 (type strain)	28	7.0	0.0	microaerobic	organic_acids	O2/NO3-	organic_carbon	Symbiotic nitrogen-fixing alphaproteobacterium; forms nodules on soybean rootshttps://www.ncbi.nlm.nih.gov/datasets/genome/GCF_000011365.1/#:~:text=Taxon%20Bradyrhizobium%20diazoefficiens%20USDA%20110,material%20assembly%20from%20type%20material
nitrogen_metabolism	GCF_001679785.1	Rhizobium leguminosarum		Gram_neg	field isolate	28	7.0	0.0	microaerobic	organic_acids	O2/NO3-	organic_carbon	Root-nodule-forming nitrogen fixer associated with legumesview-source:https://www.ncbi.nlm.nih.gov/datasets/genome/GCF_001679785.1/#:~:text=pageData.assemblyName%20%3D%20,pageData.commonName%20%3D
nitrogen_metabolism	GCF_000009705.1	Nostoc sp. PCC 7120		Gram_neg	PCC 7120 (FACHB-418)	25	7.5	0.0	phototrophic_aerobic	H2O (photosynthesis)	CO2/O2	CO2	Filamentous cyanobacterium with heterocysts that fix nitrogenhttps://www.ncbi.nlm.nih.gov/datasets/genome/GCF_000009705.1/#:~:text=Taxon%20Nostoc%20sp,418%20Strain%20PCC%207120%20Submitter
nitrogen_metabolism	GCF_000011585.1	Methanococcus maripaludis S2		Archaeal	S2 (type strain)	38	7.0	0.0	anaerobic	H2	CO2	CO2	Hydrogenotrophic methanogen capable of nitrogen fixationhttps://www.ncbi.nlm.nih.gov/datasets/genome/GCF_000011585.1/#:~:text=Taxon%20Methanococcus%20maripaludis%20S2%20Strain,S2%20Submitter
nitrogen_metabolism	GCF_001922145.1	Paenibacillus polymyxa ATCC 15970		Gram_pos	ATCC 15970 (type strain)	30	7.0	0.0	facultative_anaerobe	carbohydrates	O2/NO3-	organic_carbon	Free-living Gram-positive diazotrophhttps://www.ncbi.nlm.nih.gov/datasets/genome/GCF_001922145.1/#:~:text=Taxon%20Paenibacillus%20polymyxa%20Strain%20ATCC,15970
nitrogen_metabolism	GCF_001856645.1	Clostridium pasteurianum ATCC 6013		Gram_pos	ATCC 6013 = DSM 525	30	7.0	0.0	anaerobic	carbohydrates	protons	organic_carbon	Obligate anaerobe that fixes nitrogen; known for acetone–butanol fermentationhttps://www.ncbi.nlm.nih.gov/datasets/genome/GCF_001856645.1/#:~:text=Taxon%20Clostridium%20pasteurianum%20DSM%20525,material%20assembly%20from%20type%20material
nitrogen_metabolism	GCF_000204075.1	Trichormus variabilis ATCC 29413		Gram_neg	ATCC 29413 (formerly Anabaena variabilis)	25	7.0	0.0	phototrophic_aerobic	H2O (photosynthesis)	CO2/O2	CO2	Heterocystous cyanobacterium capable of nitrogen fixation and photosynthesisview-source:https://www.ncbi.nlm.nih.gov/datasets/genome/GCF_000204075.1/#:~:text=pageData.assemblyName%20%3D%20,pageData.commonName%20%3D
nitrogen_metabolism	GCF_000017845.1	Crocosphaera subtropica ATCC 51142		Gram_neg	ATCC 51142 (marine cyanobacterium)	26	8.0	3.0	phototrophic_aerobic	H2O (photosynthesis)	CO2/O2	CO2	Unicellular marine cyanobacterium that fixes nitrogen at nighthttps://www.ncbi.nlm.nih.gov/datasets/genome/GCF_000017845.1/#:~:text=Taxon%20Crocosphaera%20subtropica%20ATCC%2051142,material%20assembly%20from%20type%20material
nitrogen_metabolism	GCF_000013085.1	Rhodospirillum rubrum ATCC 11170		Gram_neg	ATCC 11170 (type strain)	30	7.0	0.0	microaerobic	H2/organic_acids	CO2	organic_carbon	Purple non-sulfur bacterium capable of photoheterotrophic growth and nitrogen fixationhttps://www.ncbi.nlm.nih.gov/datasets/genome/GCA_000013085/#:~:text=NCBI%20RefSeq%20assembly%20GCF_000013085
nitrogen_metabolism	GCF_000312705.1	Anabaena sp. 90		Gram_neg	strain 90 (Lake Vesijarvi)	20	7.5	0.0	phototrophic_aerobic	H2O (photosynthesis)	CO2/O2	CO2	Bloom-forming cyanobacterium; heterocystous nitrogen fixerhttps://www.ncbi.nlm.nih.gov/datasets/genome/GCF_000312705.1/#:~:text=Taxon%20Anabaena%20sp,90%20Submitter
phototrophy	GCF_000195775.1	Rhodopseudomonas palustris CGA009		Gram_neg	CGA009 (model strain)	30	7.0	0.0	anoxygenic_phototrophic	H2/organic_acids	CO2	organic_carbon	Versatile purple non-sulfur bacterium; performs anoxygenic photosynthesis and nitrogen fixationhttps://www.ncbi.nlm.nih.gov/datasets/genome/GCF_000195775.1/#:~:text=Taxon%20Rhodopseudomonas%20palustris%20CGA009%20Strain,CGA009
phototrophy	GCF_000021865.1	Rhodobacter capsulatus SB 1003		Gram_neg	SB 1003 (type strain)	30	7.0	0.0	anoxygenic_phototrophic	organic_acids	CO2	organic_carbon	Purple non-sulfur bacterium that grows photosynthetically under low oxygenhttps://www.ncbi.nlm.nih.gov/datasets/genome/GCF_000021865.1/#:~:text=Taxon%20Rhodobacter%20capsulatus%20SB%201003,Chicago
phototrophy	GCF_000018865.1	Chloroflexus aurantiacus J-10-fl		Gram_neg	J-10-fl (thermophile)	55	7.5	0.0	anoxygenic_phototrophic	H2/H2S	CO2	CO2	DUPLICATE — already in database as gid=24; Thermophilic filamentous green non-sulfur bacteriumhttps://www.ncbi.nlm.nih.gov/datasets/genome/GCF_000018865.1/#:~:text=NCBI%20RefSeq%20assembly%20GCF_000018865
phototrophy	GCF_000695095.2	Gemmatimonas phototrophica		Gram_neg	AP64 (type strain)	25	7.5	0.0	photoheterotrophic	organic_acids	O2	organic_carbon	Phototrophic member of Gemmatimonadetes containing photosynthesis gene clusterview-source:https://www.ncbi.nlm.nih.gov/datasets/genome/GCF_000695095.2/#:~:text=pageData.taxId%20%3D%20,pageData.assemblyInProgress%20%3D%20false
phototrophy	GCF_000011485.1	Prochlorococcus marinus str. MIT 9313		Gram_neg	MIT 9313	20	8.0	3.5	phototrophic_aerobic	H2O (photosynthesis)	CO2/O2	CO2	Marine picocyanobacterium with streamlined genomehttps://www.ncbi.nlm.nih.gov/datasets/genome/GCF_000011485.1/#:~:text=NCBI%20RefSeq%20assembly%20GCF_000011485
phototrophy	GCF_000010625.1	Microcystis aeruginosa NIES-843		Gram_neg	NIES-843 (type strain)	28	8.5	0.0	phototrophic_aerobic	H2O (photosynthesis)	CO2/O2	CO2	Freshwater bloom-forming cyanobacterium producing microcystinshttps://www.ncbi.nlm.nih.gov/datasets/genome/GCF_000010625.1/#:~:text=Taxon%20Microcystis%20aeruginosa%20NIES,843%20Relation%20to%20type%20material
phototrophy	GCF_000011385.1	Gloeobacter violaceus PCC 7421		Gram_neg	PCC 7421 (reference strain)	28	7.0	0.0	phototrophic_aerobic	H2O (photosynthesis)	CO2/O2	CO2	Primitive cyanobacterium lacking thylakoid membraneshttps://www.ncbi.nlm.nih.gov/datasets/genome/GCF_000011385.1/#:~:text=Taxon%20Gloeobacter%20violaceus%20PCC%207421,material%20assembly%20from%20type%20material
phototrophy	GCF_002356555.2	Halorhodospira halochloris DSM 1059		Gram_neg	DSM 1059 (type strain)	37	7.5	10.0	anoxygenic_phototrophic	H2S	CO2	CO2	Extremely halophilic purple sulfur bacterium from hypersaline lakesfile:///home/oai/redirect.html#:~:text=Taxon%20Halorhodospira%20halochloris%20Strain%20DSM,material%20assembly%20from%20type%20material
phototrophy	GCF_000009725.1	Synechocystis sp. PCC 6803		Gram_neg	PCC 6803 (model cyanobacterium)	30	7.0	0.0	phototrophic_aerobic	H2O (photosynthesis)	CO2/O2	CO2	Model unicellular cyanobacterium widely used in photosynthesis researchhttps://www.ncbi.nlm.nih.gov/datasets/genome/GCF_000009725.1/#:~:text=NCBI%20RefSeq%20assembly%20GCF_000009725
phototrophy	GCF_000017805.1	Roseiflexus castenholzii DSM 13941		Gram_neg	DSM 13941 (type strain)	55	7.5	0.0	anoxygenic_phototrophic	H2/organic_acids	CO2	organic_carbon	Thermophilic filamentous photoheterotroph isolated from hot spring matsfile:///home/oai/redirect.html#:~:text=NCBI%20RefSeq%20assembly%20GCF_000017805
methane_metabolism	GCF_000008325.1	Methylococcus capsulatus Bath		Gram_neg	ATCC 51389 (Bath strain)	45	7.0	0.0	aerobic	methane	O2	CH4	DUPLICATE — already in database as gid=900; Obligate aerobic methanotroph from hot springs; uses RuMP pathway for carbon fixationview-source:https://www.ncbi.nlm.nih.gov/datasets/genome/GCF_000008325.1/#:~:text=pageData.assemblyName%20%3D%20,pageData.commonName%20%3D
methane_metabolism	GCF_000968535.1	Methylotuvimicrobium alcaliphilum 20Z		Gram_neg	20Z (haloalkaliphilic strain)	37	9.0	5.0	aerobic	methane/methanol	O2	CH4/CH3OH	Moderately halophilic alkaliphilic methanotroph from soda lake; uses RuMP pathwayview-source:file:///home/oai/redirect.html#:~:text=pageData.taxId%20%3D%20,pageData.commonName%20%3D
methane_metabolism	GCF_000283235.1	Methylocystis parvus OBBP		Gram_neg	OBBP (type II methanotroph)	30	6.8	0.0	aerobic	methane	O2	CH4	Facultative methanotroph that accumulates polyhydroxybutyrate; serine cycle for carbonview-source:file:///home/oai/redirect.html#:~:text=pageData.taxId%20%3D%20,pageData.commonName%20%3D
methane_metabolism	GCF_000762265.1	Methanobacterium formicicum		Archaea	DSM 1535 (type strain)	37	7.0	0.0	anaerobic	H2/formate	CO2	CO2	Strict anaerobic hydrogenotrophic methanogen producing methane from H2/CO2 or formateview-source:https://www.ncbi.nlm.nih.gov/datasets/genome/GCF_000762265.1/#:~:text=pageData.gbAssemblyId%20%3D%20,pageData.assemblyInProgress%20%3D%20false
carbon_fixation	GCF_000008625.1	Aquifex aeolicus VF5		Gram_neg	VF5 (type strain)	85	7.0	0.0	microaerophilic	H2 / thiosulfate	O2	CO2	Hyperthermophilic chemolithoautotroph using reverse TCA cyclefile:///home/oai/redirect.html#:~:text=NCBI%20RefSeq%20assembly%20GCF_000008625
carbon_fixation	GCF_000247605.1	Acetobacterium woodii DSM 1030		Gram_pos	DSM 1030 (type strain)	30	7.0	0.0	anaerobic	H2/CO/organic_acids	CO2	CO2	Acetogenic bacterium using Wood–Ljungdahl pathway to reduce CO2 to acetateview-source:file:///home/oai/redirect.html#:~:text=pageData.speciesName%20%3D%20,pageData.assemblyInProgress%20%3D%20false
carbon_fixation	GCF_000017945.1	Ignicoccus hospitalis KIN4/I		Archaea	KIN4/I (type strain)	90	6.0	3.0	anaerobic	H2	S0	CO2	Hyperthermophilic archaeon with unique outer membrane; dicarboxylate/4‑hydroxybutyrate cycleview-source:file:///home/oai/redirect.html#:~:text=pageData.speciesTaxId%20%3D%20,pageData.assemblyInProgress%20%3D%20false
carbon_fixation	GCF_001266715.1	Metallosphaera sedula ARS120-2		Archaea	ARS120-2 (type strain)	75	2.0	0.0	aerobic	S0/Fe2+	O2/Fe3+	CO2	Thermoacidophilic archaeon oxidizing sulfur and metals; uses 3‑hydroxypropionate/4‑hydroxybutyrate cyclefile:///home/oai/redirect.html#:~:text=NCBI%20RefSeq%20assembly%20GCF_001266715
carbon_fixation	GCF_000012865.1	Carboxydothermus hydrogenoformans Z-2901		Gram_pos	Z-2901 (type strain)	70	7.0	0.0	anaerobic	CO	H2O	CO	Thermophilic bacterium oxidizing CO to CO2 and H2; hydrogenogenic carboxydotrophhttps://ftp.ncbi.nlm.nih.gov/genomes/all/GCF/000/012/865/GCF_000012865.1_ASM1286v1/GCF_000012865.1_ASM1286v1_assembly_report.txt
carbon_fixation	GCF_001267405.1	Neomoorella thermoacetica DSM 521		Gram_pos	DSM 521 (type strain)	55	6.8	0.0	anaerobic	H2/CO	CO2	CO2	Thermophilic acetogen reducing CO2 to acetate via Wood–Ljungdahl pathwayhttps://ftp.ncbi.nlm.nih.gov/genomes/all/GCF/001/267/405/GCF_001267405.1_ASM126740v1/GCF_001267405.1_ASM126740v1_assembly_report.txt#:~:text=Assembly%20name%3A%20%20ASM126740v1%20,and%20GenBank%20assemblies%20identical%3A%20yes
iron_metals	GCF_000284315.1	Leptospirillum ferrooxidans C2-3		Gram_neg	C2-3 (type strain)	40	2.0	0.0	aerobic	Fe2+	O2	CO2	Acidophilic chemolithoautotroph oxidizing ferrous iron; found in acidic mine drainagehttps://ftp.ncbi.nlm.nih.gov/genomes/all/GCF/000/284/315/GCF_000284315.1_ASM28431v1/GCF_000284315.1_ASM28431v1_assembly_report.txt#:~:text=Assembly%20name%3A%20%20ASM28431v1%20,and%20GenBank%20assemblies%20identical%3A%20yes
iron_metals	GCF_000152265.2	Ferroplasma acidarmanus Fer1		Archaea	Fer1 (type strain)	37	1.7	0.0	aerobic	Fe2+	O2	organic_carbon	Extremely acidophilic archaeon oxidizing ferrous iron; lacks cell wallhttps://ftp.ncbi.nlm.nih.gov/genomes/all/GCF/000/152/265/GCF_000152265.2_ASM15226v2/GCF_000152265.2_ASM15226v2_assembly_report.txt#:~:text=Assembly%20name%3A%20%20ASM15226v2%20,and%20GenBank%20assemblies%20identical%3A%20yes
iron_metals	GCF_000007985.2	Geobacter sulfurreducens PCA		Gram_neg	PCA (type strain)	30	7.0	0.0	anaerobic	acetate	Fe3+	organic_carbon	Model dissimilatory iron reducer; uses acetate as electron donor and Fe(III) as acceptorhttps://ftp.ncbi.nlm.nih.gov/genomes/all/GCF/000/007/985/GCF_000007985.2_ASM798v2/GCF_000007985.2_ASM798v2_assembly_report.txt#:~:text=,GenBank%20assemblies%20identical%3A%20yes
fermentation	GCF_000203855.3	Lactiplantibacillus plantarum WCFS1		Gram_pos	WCFS1 (type strain)	37	6.0	0.0	fermentative_anaerobic	sugars	pyruvate	sugars	Mesophilic lactic acid bacterium performing homofermentative lactic acid fermentationhttps://ftp.ncbi.nlm.nih.gov/genomes/all/GCF/000/203/855/GCF_000203855.3_ASM20385v3/GCF_000203855.3_ASM20385v3_assembly_report.txt#:~:text=Assembly%20name%3A%20%20ASM20385v3%20,and%20GenBank%20assemblies%20identical%3A%20yes
fermentation	GCF_000006865.1	Lactococcus lactis subsp. lactis IL1403		Gram_pos	IL1403 (type strain)	30	6.5	0.0	fermentative_anaerobic	lactose/glucose	pyruvate	sugars	Homolactic fermenter used in dairy production; facultative anaerobehttps://ftp.ncbi.nlm.nih.gov/genomes/all/GCF/000/006/865/GCF_000006865.1_ASM686v1/GCF_000006865.1_ASM686v1_assembly_report.txt#:~:text=Assembly%20name%3A%20%20ASM686v1%20,and%20GenBank%20assemblies%20identical%3A%20yes
fermentation	GCF_000008765.1	Clostridium acetobutylicum ATCC 824		Gram_pos	ATCC 824 (type strain)	37	6.0	0.0	anaerobic	glucose/butyrate	NAD+	sugars	Solventogenic clostridium producing acetone, butanol, ethanol via ABE fermentationhttps://ftp.ncbi.nlm.nih.gov/genomes/all/GCF/000/008/765/GCF_000008765.1_ASM876v1/GCF_000008765.1_ASM876v1_assembly_report.txt#:~:text=Assembly%20name%3A%20%20ASM876v1%20,GenBank%20assemblies%20identical%3A%20yes
magnetotaxis	GCF_000009985.1	Paramagnetospirillum magneticum AMB-1		Gram_neg	AMB-1 (type strain)	30	7.0	0.0	microaerophilic	organic_acids	O2	organic_carbon	Magnetotactic bacterium with magnetosome chains; microaerophilic chemoheterotrophhttps://ftp.ncbi.nlm.nih.gov/genomes/all/GCF/000/009/985/GCF_000009985.1_ASM998v1/GCF_000009985.1_ASM998v1_assembly_report.txt#:~:text=Assembly%20name%3A%20%20ASM998v1%20,GenBank%20assemblies%20identical%3A%20yes
magnetotaxis	GCF_000513295.1	Magnetospirillum gryphiswaldense MSR-1		Gram_neg	MSR-1 (type strain)	28	7.0	0.0	microaerophilic	organic_acids	O2	organic_carbon	Magnetotactic bacterium forming magnetite and greigite magnetosomes; freshwater microaerophilehttps://ftp.ncbi.nlm.nih.gov/genomes/all/GCF/000/513/295/GCF_000513295.1_MGMSRv2/GCF_000513295.1_MGMSRv2_assembly_report.txt#:~:text=Assembly%20name%3A%20%20MGMSRv2%20,1
syntrophy	GCF_000014725.1	Syntrophomonas wolfei subsp. wolfei Goettingen G311		Gram_neg	Goettingen G311 (type strain)	37	7.0	0.0	anaerobic	butyrate	fumarate/H+	organic_acids	Model syntrophic fatty-acid degrader oxidizing butyrate to acetate and H2; partners with methanogenshttps://ftp.ncbi.nlm.nih.gov/genomes/all/GCF/000/014/725/GCF_000014725.1_ASM1472v1/GCF_000014725.1_ASM1472v1_assembly_report.txt#:~:text=Assembly%20name%3A%20%20ASM1472v1%20,and%20GenBank%20assemblies%20identical%3A%20yes
syntrophy	GCF_000014965.1	Syntrophobacter fumaroxidans MPOB		Gram_neg	MPOB (type strain)	30	7.0	0.0	anaerobic	propionate	fumarate/Fe3+	organic_acids	Propionate-oxidizing syntroph reducing sulfate or fumarate; participates in anaerobic digestionhttps://ftp.ncbi.nlm.nih.gov/genomes/all/GCF/000/014/965/GCF_000014965.1_ASM1496v1/GCF_000014965.1_ASM1496v1_assembly_report.txt#:~:text=Assembly%20name%3A%20%20ASM1496v1%20,and%20GenBank%20assemblies%20identical%3A%20yes
syntrophy	GCF_000013405.1	Syntrophus aciditrophicus SB		Gram_neg	SB (type strain)	38	7.0	0.0	anaerobic	benzoate/fatty_acids	H+	organic_acids	Aromatic-acid–degrading syntroph that oxidizes benzoate or fatty acids, producing acetate and H2/CO2https://ftp.ncbi.nlm.nih.gov/genomes/all/GCF/000/013/405/GCF_000013405.1_ASM1340v1/GCF_000013405.1_ASM1340v1_assembly_report.txt#:~:text=Assembly%20name%3A%20%20ASM1340v1%20,and%20GenBank%20assemblies%20identical%3A%20yes
methane_metabolism	GCF_000970065.1	Methanosarcina barkeri 227	data/genomes/Methanosarcina_barkeri_227.fna	Archaea	DSMZ Medium 120	37	7	0.05	anaerobic	acetate / methanol / methylamines / H2	CO2 (acetate / methyl groups)	acetate / methanol / CO2	aceticlastic + methylotrophic + hydrogenotrophic Methanosarcinales model; bridges multiple methanogenesis modes; biomass=Archaea
methane_metabolism	GCF_027554905.1	Methanothermobacter thermautotrophicus Delta H	data/genomes/Methanothermobacter_thermautotrophicus_Delta_H.fna	Archaea	DSMZ Medium 119	65	7	0.05	anaerobic	H2	CO2	CO2	thermophilic hydrogenotrophic methanogen; biomass=Archaea
methane_metabolism	GCF_000015765.1	Methanocorpusculum labreanum Z	data/genomes/Methanocorpusculum_labreanum_Z.fna	Archaea	DSMZ Medium 322	37	7	0.05	anaerobic	H2 / formate	CO2	CO2	small mesophilic hydrogenotrophic; freshwater sediment niche; biomass=Archaea
methane_metabolism	GCF_977609705.1	Methanofollis liminatans	data/genomes/Methanofollis_liminatans.fna	Archaea	DSMZ Medium 332	40	7	0.5	anaerobic	formate / H2 / 2-propanol	CO2	CO2 / formate	formate-utilizing methanogen; biomass=Archaea
methane_metabolism	GCF_000013445.1	Methanospirillum hungatei JF-1	data/genomes/Methanospirillum_hungatei_JF1.fna	Archaea	DSMZ Medium 119	37	7	0.05	anaerobic	H2 / formate	CO2	CO2	syntrophic-pairing methanogen; key partner in syntrophic propionate / butyrate oxidation; biomass=Archaea
nitrogen_metabolism	GCA_000987375.1	Candidatus Brocadia fulgida	data/genomes/Brocadia_fulgida.fna	Gram_neg	van de Vossenberg 2008 paper	30	7.5	0.05	anaerobic	NH4+	NO2-	CO2 (acetyl-CoA pathway)	anammox lineage different from B. sinica; enrichment-only; cultivation conditions inferred from related Brocadia
nitrogen_metabolism	GCF_000296795.1	Candidatus Jettenia caeni	data/genomes/Jettenia_caeni.fna	Gram_neg	Hira 2012 paper	30	7.5	0.05	anaerobic	NH4+	NO2-	CO2	additional anammox lineage; enrichment-only; cultivation inferred
nitrogen_metabolism	GCF_000786775.1	Candidatus Scalindua brodae	data/genomes/Scalindua_brodae.fna	Gram_neg	Speth 2017 paper	28	7.5	2	anaerobic	NH4+	NO2-	CO2	marine anammox different from S. profunda (test set); enrichment-only; cultivation inferred from marine Scalindua
methane_metabolism	GCA_009903405.1	Candidatus Methanophaga sp. AG-394-G06 (ANME-1 lineage)	data/genomes/ANME1_Methanophaga_AG394-G06.fna	Archaea	(no published cultivation; enrichment-only sediment community)	10	7.5	2.5	anaerobic_AOM	CH4	SO4-2 / NO3- / Fe(III)	CH4 / CO2	ANME-1 lineage MAG; cultivation conditions inferred from cold-seep sediment context; enrichment-only; biomass=Archaea
methane_metabolism	GCA_009649835.1	Candidatus Methanocomedens sp. (ANME-2a lineage)	data/genomes/ANME2a_Methanocomedens.fna	Archaea	(no published cultivation; enrichment-only)	10	7.5	2.5	anaerobic_AOM	CH4	SO4-2	CH4 / CO2	ANME-2a lineage MAG; cultivation inferred from cold-seep / methane-seep context; enrichment-only; biomass=Archaea
methane_metabolism	GCA_020793565.1	Candidatus Methanovorans sp. (ANME-3 lineage)	data/genomes/ANME3_Methanovorans.fna	Archaea	(no published cultivation; enrichment-only)	5	7.5	2.5	anaerobic_AOM	CH4	SO4-2	CH4 / CO2	ANME-3 lineage MAG; cultivation inferred from arctic / cold-seep context; enrichment-only; biomass=Archaea
methane_metabolism	GCF_002934365.1	Methylobacter tundripaludum OWC-G53F	data/genomes/Methylobacter_tundripaludum.fna	Gram_neg	BacDive 11283 / Wartiainen 2006 paper	23	7	0.05	aerobic_methane	CH4 / methanol	O2	CH4 (RuMP cycle)	Type I methanotroph; tundra source; cold-adapted methanotroph
methane_metabolism	GCF_949769195.1	Methylocaldum szegediense	data/genomes/Methylocaldum_szegediense.fna	Gram_neg	BacDive 7178 / Bodrossy 1997 paper	55	7	0.05	aerobic_methane	CH4 / methanol	O2	CH4	moderately thermophilic Type I methanotroph
methane_metabolism	GCF_000019665.1	Methylacidiphilum infernorum V4	data/genomes/Methylacidiphilum_infernorum_V4.fna	Gram_neg	Op den Camp 2009 paper	60	2	0.05	aerobic_methane	CH4	O2	CH4 (CBB cycle)	verrucomicrobial methanotroph (Type III); thermoacidophilic; CBB cycle (not RuMP); pmoA highly divergent
nitrogen_metabolism	GCF_000802205.1	Candidatus Nitrosocosmicus oleophilus MY3	data/genomes/Nitrosocosmicus_oleophilus_MY3.fna	Archaea	Jung 2014 paper	30	7	0.05	aerobic	NH4+	O2	CO2 (HP/HB or 3HP/4HB cycle)	additional AOA lineage (Nitrososphaeria); soil source; biomass=Archaea
nitrogen_metabolism	GCF_000014765.1	Nitrosomonas eutropha C91	data/genomes/Nitrosomonas_eutropha_C91.fna	Gram_neg	BacDive 2374 / DSMZ 101675	30	7.5	0.05	aerobic	NH4+	O2 (also NO2- in chemodenitrification)	CO2 (CBB cycle)	additional AOB; capable of nitrifier denitrification under low O2
nitrogen_metabolism	GCF_032051675.1	Candidatus Nitrospira neomarina DK	data/genomes/Nitrospira_neomarina_DK.fna	Gram_neg	Mueller 2024 paper	28	7.5	2.5	aerobic	NO2-	O2	CO2 (rTCA)	marine NOB substitution for Nitrospira marina (no published assembly); marine Nitrospira lineage
nitrogen_metabolism	GCF_000341545.2	Nitrospina gracilis 3/211	data/genomes/Nitrospina_gracilis_3_211.fna	Gram_neg	Lücker 2013 paper / DSMZ 5928	28	7.5	2.5	aerobic	NO2-	O2	CO2 (rTCA)	Nitrospinota phylum NOB; distinct from Nitrospira NOBs; deep-sea / marine niche
nitrogen_metabolism	GCF_000013885.1	Nitrobacter hamburgensis X14	data/genomes/Nitrobacter_hamburgensis_X14.fna	Gram_neg	BacDive 7220 / DSMZ 10229	28	7.5	0.05	aerobic	NO2-	O2	CO2 (CBB cycle)	additional Nitrobacter; freshwater niche
nitrogen_metabolism	GCF_000013785.1	Stutzerimonas stutzeri A1501	data/genomes/Stutzerimonas_stutzeri_A1501.fna	Gram_neg	Yan 2008 paper	30	7	0.05	facultative_anaerobic	organics	O2 / NO3- / NO2- / N2O	mixed organic	model complete denitrifier (taxon recently moved Pseudomonas → Stutzerimonas); also N2 fixer
nitrogen_metabolism	GCF_004063735.1	Paracoccus denitrificans ATCC 19367	data/genomes/Paracoccus_denitrificans.fna	Gram_neg	BacDive 5840 / DSMZ Medium 1	30	7	0.05	facultative_anaerobic	H2 / methanol / organics	O2 / NO3- / NO2- / N2O	mixed organic / H2 / CO2	model complete denitrifier; mixotroph; aerobic / anaerobic flexibility
sulfur_metabolism	GCF_001530125.1	Thiobacillus denitrificans RG	data/genomes/Thiobacillus_denitrificans_RG.fna	Gram_neg	DSMZ Medium 113	28	7	0.05	facultative_anaerobic	S2O3-2 / HS- / S0	NO3- / O2	CO2 (CBB cycle)	chemolithoautotrophic denitrifier coupling sulfur oxidation to nitrate reduction
nitrogen_metabolism	GCF_965136615.1	Shewanella loihica PV-4	data/genomes/Shewanella_loihica_PV-4.fna	Gram_neg	Gao 2008 paper / DSMZ 17748	28	7	2.5	facultative_anaerobic	lactate / formate / H2	O2 / NO3- (DNRA) / Fe(III) / Mn(IV)	mixed organic	DNRA + dissimilatory metal reduction; deep-sea hydrothermal source
iron_metals	GCF_000012925.1	Geobacter metallireducens GS-15	data/genomes/Geobacter_metallireducens_GS-15.fna	Gram_neg	DSMZ 7210	30	7	0.05	anaerobic	acetate	Fe(III) / Mn(IV) / NO3- (DNRA)	acetate	complete-oxidizer Fe-reducer; DNRA-capable; different from G. sulfurreducens (test set)
manganese_metabolism	GCF_000181495.1	Bacillus sp. SG-1	data/genomes/Bacillus_SG-1.fna	Gram_pos	Francis & Tebo 2002 paper	30	7.5	2.5	aerobic	organic carbon	O2 (Mn(II) cooxidized as side reaction)	mixed organic	model marine Mn(II) oxidizer; Mn oxidation by spore-coat Mn-oxidase MnxG; Mn oxidation is cometabolic
manganese_metabolism	GCF_000019125.1	Pseudomonas putida GB-1	data/genomes/Pseudomonas_putida_GB-1.fna	Gram_neg	Caspi 1998 paper	30	7	0.05	aerobic	organic carbon	O2 (Mn cooxidation)	mixed organic	chemoorganotrophic Mn(II) oxidizer; substituted for MnB1 (no separate assembly); same Mn-oxidation phenotype
manganese_metabolism	GCF_030705305.1	Leptothrix discophora CCM 2812	data/genomes/Leptothrix_discophora.fna	Gram_neg	BacDive 5076 / DSMZ Medium 803	25	7	0.05	microaerobic	organic carbon (Fe2+ / Mn2+ cooxidized)	O2	mixed organic	sheath-forming Fe/Mn oxidizer; microaerobic neutrophilic
manganese_metabolism	GCF_000153465.1	Aurantimonas manganoxydans SI85-9A1	data/genomes/Aurantimonas_manganoxydans.fna	Gram_neg	Anderson 2009 paper	28	7.5	2.5	aerobic	organic carbon (Mn cooxidation)	O2	mixed organic	alphaproteobacterial marine Mn(II) oxidizer
heavy_metal_respiration	GCF_000265295.1	Sulfurospirillum barnesii SES-3	data/genomes/Sulfurospirillum_barnesii_SES-3.fna	Gram_neg	Stolz 1999 paper / DSMZ 10660	30	7	0.05	anaerobic	lactate / H2	SeO4-2 / NO3- / S2O3-2 / Fe(III)	lactate / acetate	model selenate respirer; broad acceptor profile
heavy_metal_respiration	GCF_000093085.1	Bacillus selenitireducens MLS10	data/genomes/Bacillus_selenitireducens_MLS10.fna	Gram_pos	Switzer Blum 1998 paper / DSMZ 15326	37	9.5	2	anaerobic	lactate	SeO3-2 / AsO4-3	lactate / acetate	haloalkaliphilic selenite/arsenate respirer; Mono Lake isolate
heavy_metal_respiration	GCF_000196015.1	Cupriavidus metallidurans CH34	data/genomes/Cupriavidus_metallidurans_CH34.fna	Gram_neg	Mergeay 1985 paper / DSMZ 2839	30	7	0.05	aerobic	mixed organic	O2	mixed organic	heavy-metal resistant betaproteobacterium; multiple resistance mechanisms (Cd / Zn / Co / Hg / Pb)
heavy_metal_respiration	GCF_000967425.1	Pseudorhizobium banfieldiae NT-26	data/genomes/Pseudorhizobium_banfieldiae_NT-26.fna	Gram_neg	Santini 2000 paper	28	7	0.05	aerobic	AsO2- (arsenite)	O2	CO2 / mixed organic	chemolithoautotrophic arsenite oxidizer (taxon Rhizobium NT-26 → Pseudorhizobium banfieldiae)
phosphate_metabolism	GCA_001896555.1	Candidatus Phosphitivorax anaerolimi	data/genomes/Phosphitivorax_anaerolimi.fna	Gram_neg	Figueroa 2018 paper	30	7	0.05	anaerobic	HPO3-2 (phosphite)	CO2 (HPO3 → HPO4 + e- to CO2 fixation)	CO2	phosphite-oxidizing dissimilatory phosphite oxidation (DPO); rare specialty metabolism; enrichment-only
phosphate_metabolism	GCF_000350545.1	Desulfotignum phosphitoxidans DSM 13687	data/genomes/Desulfotignum_phosphitoxidans.fna	Gram_neg	Schink 2002 paper / DSMZ 13687	28	7	2.5	anaerobic	HPO3-2 (phosphite) / acetate	SO4-2	acetate / phosphite	phosphite-oxidizing sulfate reducer; only known organism oxidizing phosphite to phosphate while reducing sulfate
sulfate_reduction	GCF_000020365.1	Desulforapulum autotrophicum HRM2	data/genomes/Desulforapulum_autotrophicum_HRM2.fna	Gram_neg	Strittmatter 2009 paper / DSMZ 3382	28	7.2	2	anaerobic	H2 / formate / acetate	SO4-2	CO2 (Wood-Ljungdahl) / acetate	autotrophic SRB (taxon Desulfobacterium → Desulforapulum); fills autotrophic-SRB gap
sulfate_reduction	GCF_001917195.1	Desulfovibrio piger	data/genomes/Desulfovibrio_piger.fna	Gram_neg	BacDive 6960 / DSMZ Medium 63	37	7	0.5	anaerobic	lactate / H2	SO4-2	lactate (incomplete oxidizer)	gut SRB; clinically relevant; different niche from environmental SRBs
sulfate_reduction	GCF_003444165.1	Thermodesulfobacterium commune	data/genomes/Thermodesulfobacterium_commune.fna	Gram_neg	Zeikus 1983 paper / DSMZ 2178	70	6.8	0.05	anaerobic	lactate / pyruvate / H2	SO4-2 / S2O3-2	lactate (incomplete oxidizer)	thermophilic SRB; deep-branching (Thermodesulfobacteriota)
syntrophy	GCF_004369205.1	Pelotomaculum schinkii HH	data/genomes/Pelotomaculum_schinkii_HH.fna	Gram_pos	de Bok 2005 paper / DSMZ 15200	37	7	0.05	anaerobic_syntrophic	propionate	(via H2/formate to partner) / SO4-2	propionate	obligately syntrophic propionate oxidizer; requires methanogen partner
syntrophy	GCF_012728935.1	Syntrophorhabdus aromaticivorans	data/genomes/Syntrophorhabdus_aromaticivorans.fna	Gram_neg	Qiu 2008 paper / DSMZ 17771	30	7	0.05	anaerobic_syntrophic	phenol / hydroxybenzoate / benzoate	(via H2/formate to partner)	aromatic compounds	obligately syntrophic aromatic compound oxidizer; requires methanogen partner
magnetotaxis	GCF_000516475.1	Candidatus Magnetoglobus multicellularis Araruama	data/genomes/Magnetoglobus_multicellularis.fna	Gram_neg	Abreu 2007 paper	24	7.5	2.5	microaerobic	mixed (consortium)	O2 (microaerobic)	mixed organic / CO2	multicellular magnetotactic bacterium consortium; lagoon brackish water; specialty cultivation
magnetotaxis	GCF_000968135.1	Magnetospira sp. QH-2	data/genomes/Magnetospira_QH-2.fna	Gram_neg	Zhu 2010 paper	28	7.4	1	microaerobic	organic acids / amino acids	O2 (microaerobic)	mixed organic	marine magnetotactic spirillum
cable_bacteria	GCA_004028485.1	Candidatus Electrothrix communis	data/genomes/Electrothrix_communis.fna	Gram_neg	Trojan 2016 paper	16	7.5	2.5	anoxic_oxic_gradient	HS- / H2S	O2 (at distal cell end via long-distance e- transport)	mixed organic / CO2	marine cable bacterium; long-distance electron transport between sediment redox layers; cultivation only as enrichment in stratified columns
cable_bacteria	GCA_026122935.1	Candidatus Electronema palustre	data/genomes/Electronema_palustre.fna	Gram_neg	Risgaard-Petersen 2015 paper	16	7	0.05	anoxic_oxic_gradient	HS- / H2S	O2 (long-distance e- transport)	mixed organic / CO2	freshwater cable bacterium; same LDET physiology as Electrothrix; cultivation only as enrichment in stratified sediment
acetogenesis	GCF_000143685.1	Clostridium ljungdahlii DSM 13528	data/genomes/Clostridium_ljungdahlii_DSM_13528.fna	Gram_pos	DSMZ Medium 879	37	6	0.05	anaerobic	H2 / CO / syngas	CO2 (Wood-Ljungdahl)	CO2 / CO / H2	gas-fermentation acetogen; industrial relevance for syngas-to-ethanol; biomass=Gram_pos
acetogenesis	GCF_000763575.1	Thermoanaerobacter kivui LKT-1	data/genomes/Thermoanaerobacter_kivui_LKT-1.fna	Gram_pos	DSMZ Medium 1029	66	6.4	0.05	anaerobic	H2 / glucose / formate	CO2 (Wood-Ljungdahl)	CO2 / glucose	thermophilic acetogen; biomass=Gram_pos
